{
  "category": "colors",
  "items": [
    { "ru": "Цвет", "ing": "Бег", "pron": "beg" },
    { "ru": "Какой цвет?", "ing": "Бег мотт?", "pron": "beg mott" },

    { "ru": "Белый", "ing": "Ян", "pron": "yan" },
    { "ru": "Чёрный", "ing": "ЧIог", "pron": "ch1og" },
    { "ru": "Красный", "ing": "Ц1е́", "pron": "ts1e" },
    { "ru": "Жёлтый", "ing": "Ӏажа́гӀа", "pron": "azhag1a" },
    { "ru": "Синий", "ing": "Хьала", "pron": "khyala" },
    { "ru": "Зелёный", "ing": "Диг", "pron": "dig" },

    { "ru": "Яркий цвет", "ing": "Йо бег", "pron": "yo beg" },
    { "ru": "Тёмный цвет", "ing": "ЧIог бег", "pron": "ch1og beg" }
  ]
}
