{
  "category": "danger",
  "items": [
    { "ru": "Опасность", "ing": "Кхерме", "pron": "kherme" },
    { "ru": "Опасно!", "ing": "Кхерме да!", "pron": "kherme da" },

    { "ru": "Осторожно!", "ing": "Хьаьлха да!", "pron": "khalha da" },
    { "ru": "Не подходи!", "ing": "Ца яккха!", "pron": "tsa yakkha" },
    { "ru": "Стой!", "ing": "Тха!", "pron": "tcha" },

    { "ru": "Он опасен", "ing": "Из кхерме", "pron": "iz kherme" },
    { "ru": "Это опасно", "ing": "Ха кхерме", "pron": "kha kherme" },

    { "ru": "Берегись!", "ing": "Йолча!", "pron": "yolcha" },
    { "ru": "Берегите его", "ing": "Из йолча", "pron": "iz yolcha" },

    { "ru": "Беги!", "ing": "Уда!", "pron": "uda" },
    { "ru": "Спрячься", "ing": "Лоч1къа", "pron": "loch1kqa" },

    { "ru": "Помоги мне!", "ing": "Са г1о де!", "pron": "sa g1o de" },
    { "ru": "Мне нужна помощь", "ing": "Са г1о давах", "pron": "sa g1o davakh" },

    { "ru": "Внимательно смотри", "ing": "Дикка хьаьжа", "pron": "dikka khyazha" },
    { "ru": "Тише!", "ing": "Шортиг!", "pron": "shortig" },
    { "ru": "Не шуми!", "ing": "Муса хьа!", "pron": "musa kha" },

    { "ru": "Он там", "ing": "Из цугахь", "pron": "iz tsugakh" },
    { "ru": "Он здесь", "ing": "Из хьокха", "pron": "iz khyokha" },
    { "ru": "Он рядом", "ing": "Из гянна йолча", "pron": "iz gyanna yolcha" },

    { "ru": "Где опасность?", "ing": "Кхерме хьа?", "pron": "kherme kha" },
    { "ru": "Что случилось?", "ing": "Фо ханнад?", "pron": "fo khannad" },

    { "ru": "Он ранен", "ing": "Из беха", "pron": "iz bekha" },
    { "ru": "Он погиб", "Ing": "Из моха хинна", "pron": "iz mokha khinna" },

    { "ru": "Не иди туда", "ing": "Цугахь вудац!", "pron": "tsugakh vudats" },
    { "ru": "Не иди сюда", "ing": "Хьокха вудац!", "pron": "khyokha vudats" },

    { "ru": "Жди здесь", "ing": "Хьокха сабар де", "pron": "khyokha sabar de" },
    { "ru": "Быстрее!", "ing": "Марсха!", "pron": "marsha" },
    { "ru": "Медленнее!", "ing": "Шортиг!", "pron": "shortig" },

    { "ru": "Я боюсь", "ing": "Со хьоала", "pron": "so khoala" },
    { "ru": "Не бойся", "ing": "Хьа му хьоала", "pron": "kha mu khoala" },

    { "ru": "Сюда!", "ing": "Хьокха!", "pron": "khyokha" },
    { "ru": "Туда!", "ing": "Цугахь!", "pron": "tsugakh" }
  ]
}
