{
  "category": "drink",
  "items": [
    { "ru": "Питьё", "ing": "Мал", "pron": "mal" },
    { "ru": "Я хочу пить", "ing": "Со мал безам ба", "pron": "so mal bezam ba" },
    { "ru": "Ты хочешь пить?", "ing": "Хьа мал безам ба?", "pron": "kha mal bezam ba" },
    { "ru": "Дай воды", "ing": "Мал дика", "pron": "mal dika" },
    { "ru": "Горячая вода", "ing": "Кхетта мал", "pron": "khetta mal" },
    { "ru": "Холодная вода", "ing": "Серда мал", "pron": "serda mal" },
    { "ru": "Принеси воды", "ing": "Мал дикахь", "pron": "mal dikakh" },
    { "ru": "Где вода?", "ing": "Мал хьа?", "pron": "mal kha" },
    { "ru": "У тебя есть вода?", "ing": "Хьа мал йой?", "pron": "kha mal yoi" },
    { "ru": "У меня есть вода", "ing": "Со мал йо", "pron": "so mal yo" },
    { "ru": "Я выпил", "ing": "Со мал йола", "pron": "so mal yola" },
    { "ru": "Не пей!", "ing": "Мал юц!", "pron": "mal yuts" },
    { "ru": "Пей!", "ing": "Мал ю!", "pron": "mal yu" },
    { "ru": "Сок", "ing": "Соккх", "pron": "sokk" },
    { "ru": "Чай", "ing": "Чай", "pron": "chai" },
    { "ru": "Кофе", "ing": "Кофе", "pron": "kofe" },
    { "ru": "Молоко", "ing": "Бийр", "pron": "biyr" },
    { "ru": "Кипяток", "ing": "Кхетта мал", "pron": "khetta mal" },
    { "ru": "Мне нужен чай", "ing": "Са чай давах", "pron": "sa chai davakh" },
    { "ru": "Мне нужен кофе", "ing": "Са кофе давах", "pron": "sa kofe davakh" },
    { "ru": "Ты чай будешь?", "ing": "Хьа чай ю?", "pron": "kha chai yu" },
    { "ru": "Ты воду будешь?", "ing": "Хьа мал ю?", "pron": "kha mal yu" },
    { "ru": "Сделай чай", "ing": "Чай дуйла", "pron": "chai duyla" },
    { "ru": "Сделай кофе", "ing": "Кофе дуйла", "pron": "kofe duyla" },
    { "ru": "Это горячо", "ing": "Ха кхетта", "pron": "kha khetta" },
    { "ru": "Это холодно", "ing": "Ха серда", "pron": "kha serda" },
    { "ru": "Очень холодно", "ing": "Серда йо", "pron": "serda yo" },
    { "ru": "Очень горячо", "ing": "Кхетта йо", "pron": "khetta yo" },
    { "ru": "Я хочу сок", "ing": "Со соккх безам ба", "pron": "so sokk bezam ba" },
    { "ru": "Я хочу молоко", "ing": "Со бийр безам ба", "pron": "so biyr bezam ba" }
  ]
}
