{
  "category": "emotions",
  "items": [
    { "ru": "Как ты себя чувствуешь?", "ing": "Хьа хьоалч мотт?", "pron": "kha khoalch mott" },
    { "ru": "Я чувствую себя хорошо", "ing": "Со дика ву", "pron": "so dika vu" },
    { "ru": "Я чувствую себя плохо", "ing": "Со му ву", "pron": "so mu vu" },

    { "ru": "Я рад", "ing": "Со дог1ала", "pron": "so dog1ala" },
    { "ru": "Я счастлив", "ing": "Со дог1ала йола", "pron": "so dog1ala yola" },

    { "ru": "Я устал", "ing": "Со къяд ваннув", "pron": "so kyad vannuv" },
    { "ru": "Я очень устал", "ing": "Со къяд йо ваннув", "pron": "so kyad yo vannuv" },

    { "ru": "Мне больно", "ing": "Са беха", "pron": "sa bekha" },
    { "ru": "Мне страшно", "ing": "Са хьоала", "pron": "sa khoala" },
    { "ru": "Я не боюсь", "ing": "Со му хьоала", "pron": "so mu khoala" },

    { "ru": "Я злой", "ing": "Со къайра", "pron": "so qayra" },
    { "ru": "Я спокоен", "ing": "Со лерда", "pron": "so lerda" },

    { "ru": "Я думаю", "ing": "Со ил еж", "pron": "so il yezh" },
    { "ru": "Я не знаю", "ing": "Сун хац", "pron": "sun khats" },

    { "ru": "Мне нравится", "ing": "Сун хозхет", "pron": "sun khozkhet" },
    { "ru": "Мне не нравится", "ing": "Сун му хозхет", "pron": "sun mu khozkhet" },

    { "ru": "Я хочу", "ing": "Со безам ба", "pron": "so bezam ba" },
    { "ru": "Мне хочется", "ing": "Са безам ба", "pron": "sa bezam ba" },

    { "ru": "Мне скучно", "ing": "Са цаьрга", "pron": "sa tsa'rga" },
    { "ru": "Мне весело", "ing": "Са дог1ала", "pron": "sa dog1ala" },

    { "ru": "Я сплю", "ing": "Со кхеташ ву", "pron": "so khetash vu" },
    { "ru": "Я хочу спать", "ing": "Са кхеташ безам ба", "pron": "sa khetash bezam ba" },

    { "ru": "Я злюсь", "ing": "Со къайра йола", "pron": "so qayra yola" }
  ]
}
