{
  "category": "greetings",
  "items": [
    { "ru": "Привет", "ing": "Салам", "pron": "salam" },
    { "ru": "Здравствуйте", "ing": "Марша доаг1алд", "pron": "marsha doag1ald" },
    { "ru": "Доброе утро", "ing": "Кхети маршалла", "pron": "kheti marshalla" },
    { "ru": "Добрый день", "ing": "Дев маршалла", "pron": "dev marshalla" },
    { "ru": "Добрый вечер", "ing": "Гув маршалла", "pron": "guv marshalla" },
    { "ru": "Как дела?", "ing": "Мишта вах хьа?", "pron": "mishta vakh kha" },
    { "ru": "Как поживаешь?", "ing": "Хьа вах ву?", "pron": "kha vakh vu" },
    { "ru": "Рад тебя видеть", "ing": "Со хьо гу вах шун", "pron": "so kho gu vakh shun" },
    { "ru": "Рад встрече с тобой", "ing": "Со хьо дог1ийла шун", "pron": "so kho dog1iyla shun" },
    { "ru": "Давно не виделись", "ing": "Дуьйре хьо гац ву", "pron": "duyre kho gats vu" },
    { "ru": "С приездом!", "ing": "Воаг1алд маршалла!", "pron": "voag1ald marshalla" },
    { "ru": "Добро пожаловать", "ing": "Марша бо!", "pron": "marsha bo" },
    { "ru": "Входите", "ing": "Чуда!", "pron": "chuda" },
    { "ru": "Проходите", "ing": "Воаг1а!", "pron": "voag1a" },
    { "ru": "Как ты?", "ing": "Мишта хьа?", "pron": "mishta kha" },
    { "ru": "Как вы?", "ing": "Мишта шу?", "pron": "mishta shu" },
    { "ru": "Хорошо", "ing": "Дика", "pron": "dika" },
    { "ru": "Очень хорошо", "ing": "Дика йо", "pron": "dika yo" },
    { "ru": "Спасибо", "ing": "Баркалла", "pron": "barkalla" },
    { "ru": "Большое спасибо", "ing": "Дял ряз хал хьуна", "pron": "dyal ryaz khal hyuna" },
    { "ru": "Пожалуйста (в ответ на спасибо)", "ing": "Хьуна халд", "pron": "hyuna hald" },
    { "ru": "Извини", "ing": "Къат1ер валл", "pron": "kater vall" },
    { "ru": "Прощай", "ing": "Санди аьттув", "pron": "sandi attuv" },
    { "ru": "До свидания", "ing": "1адик хайла", "pron": "1adik khaila" },
    { "ru": "Увидимся позже", "ing": "Т1ехьа хьа гуйнагва", "pron": "t1ekha kha guynagva" },
    { "ru": "Спокойной ночи", "ing": "Йоьх маршалла", "pron": "yokh marshalla" },
    { "ru": "Слава Богу", "ing": "Дал ба хоастам", "pron": "dal ba khoastam" },
    { "ru": "Как прошёл день?", "ing": "Дев мишта ха?", "pron": "dev mishta kha" },
    { "ru": "Как утро?", "ing": "Кхети мишта ха?", "pron": "kheti mishta kha" },
    { "ru": "Как вечер?", "ing": "Гув мишта ха?", "pron": "guv mishta kha" },
    { "ru": "Приятно познакомиться", "ing": "Со хьо дог1ийла шун", "pron": "so kho dog1iyla shun" },
    { "ru": "Рад знакомству", "ing": "Со хьо дог1ийла шун", "pron": "so kho dog1iyla shun" },
    { "ru": "Как жизнь?", "ing": "Кхет а хьа?", "pron": "khet a kha" },
    { "ru": "Нормально", "ing": "Халха", "pron": "khalkha" },
    { "ru": "Слава Всевышнему", "ing": "Аллах ба хоастам", "pron": "allah ba khoastam" },
    { "ru": "Очень рад", "ing": "Шун йо", "pron": "shun yo" },
    { "ru": "Доброе время суток", "ing": "Маршалла", "pron": "marshalla" },
    { "ru": "Пожелаю удачи", "ing": "Къонах хил йу", "pron": "konakh khil yu" },
    { "ru": "С мира пришёл?", "ing": "Маршалла воаг1а?", "pron": "marshalla voag1a" },
    { "ru": "С миром иди", "ing": "Маршалла вуда", "pron": "marshalla vuda" },
    { "ru": "Садись", "ing": "Де ца", "pron": "de tsa" },
    { "ru": "Прошу, присаживайся", "ing": "Хьа де ца", "pron": "kha de tsa" },
    { "ru": "Заходи", "ing": "Чуда", "pron": "chuda" },
    { "ru": "Заходите", "ing": "Шу чуда", "pron": "shu chuda" },
    { "ru": "Иди сюда", "ing": "Хьокха ца", "pron": "khyokha tsa" }
  ]
}
