{
  "category": "hunt",
  "items": [
    { "ru": "Охота", "ing": "Чулда", "pron": "chulda" },
    { "ru": "Мы идём на охоту", "ing": "Тхо чулда вудаш", "pron": "tkho chulda vudash" },
    { "ru": "Ты готов?", "ing": "Хьа тайпа?", "pron": "kha taypa" },
    { "ru": "Я готов", "ing": "Со тайпа", "pron": "so taypa" },

    { "ru": "Вперёд!", "ing": "Бокхта!", "pron": "bokhta" },
    { "ru": "Стой!", "ing": "Тха!", "pron": "tcha" },
    { "ru": "Тише!", "ing": "Шортиг!", "pron": "shortig" },

    { "ru": "Слушай", "ing": "Ладувх", "pron": "laduvkh" },
    { "ru": "Смотри туда", "ing": "Цугахь хьажа", "pron": "tsugakh khyazha" },
    { "ru": "Иди сюда", "ing": "Хьокха ца", "pron": "khyokha tsa" },

    { "ru": "След", "ing": "Керд лар", "pron": "kerd lar" },
    { "ru": "Свежий след", "ing": "Тешар керд", "pron": "teshar kerd" },
    { "ru": "Старый след", "ing": "Дуьйре керд", "pron": "duyre kerd" },

    { "ru": "Хищник впереди", "ing": "Аькъа хьалха да!", "pron": "akqa khalha da" },
    { "ru": "Волк", "ing": "Мокх", "pron": "mokh" },
    { "ru": "Лиса", "ing": "Кел", "pron": "kel" },
    { "ru": "Кабан", "ing": "Борг", "pron": "borg" },
    { "ru": "Олень", "ing": "Керла", "pron": "kerla" },

    { "ru": "Он там", "ing": "Из цугахь", "pron": "iz tsugakh" },
    { "ru": "Он близко", "ing": "Из гянна", "pron": "iz gyanna" },
    { "ru": "Он далеко", "ing": "Из долча", "pron": "iz dolcha" },

    { "ru": "Смотри внимательно", "ing": "Хьаьжа дикка", "pron": "khyazha dika" },
    { "ru": "Не шуми", "ing": "Муса хьа!", "pron": "musa kha" },

    { "ru": "Стреляй!", "ing": "Туха!", "pron": "tukha" },
    { "ru": "Не стреляй!", "ing": "Ца тухаж!", "pron": "tsa tukhazh" },
    { "ru": "Готовься стрелять", "ing": "Тухалахь тайпа", "pron": "tukhalakh taypa" },

    { "ru": "Он бежит", "ing": "Из удаж", "pron": "iz udazh" },
    { "ru": "Он остановился", "ing": "Из тха хина", "pron": "iz tcha khina" },

    { "ru": "Береги оружие", "ing": "Кош дуйла", "pron": "kosh duyla" },
    { "ru": "Заряди оружие", "ing": "Кош теша", "pron": "kosh tesh" },

    { "ru": "Где цель?", "ing": "Хьам хьа?", "pron": "khyam kha" },
    { "ru": "Вот цель", "ing": "Ха хьам", "pron": "kha khyam" },

    { "ru": "Он ранен", "ing": "Из беха", "pron": "iz bekha" },
    { "ru": "Он упал", "ing": "Из т1аккха", "pron": "iz t1akkha" },

    { "ru": "Мы нашли след", "ing": "Тхо керд лар йола", "pron": "tkho kerd lar yola" },
    { "ru": "Мы потеряли след", "ing": "Тхо керд седа хинна", "pron": "tkho kerd seda khinna" },

    { "ru": "Перейдём сюда", "ing": "Тхо хьокха вудаш", "pron": "tkho khyokha vudash" },
    { "ru": "Перейдём туда", "ing": "Тхо цугахь вудаш", "pron": "tkho tsugakh vudash" },

    { "ru": "Он рядом", "ing": "Из гянна йолча", "pron": "iz gyanna yolcha" },
    { "ru": "Он выше", "ing": "Из бIар", "pron": "iz b1ar" },
    { "ru": "Он ниже", "ing": "Из цIара", "pron": "iz ts1ara" },

    { "ru": "Тут опасно", "ing": "Хьокха кхерме", "pron": "khyokha kherme" },
    { "ru": "Очень опасно", "ing": "Кхерме йо", "pron": "kherme yo" },

    { "ru": "Береги себя", "ing": "Хьо йолча", "pron": "kho yolcha" },
    { "ru": "Будь осторожен", "ing": "Кхерме дох", "pron": "kherme dokh" },

    { "ru": "Мы возвращаемся", "ing": "Тхо виннагаш", "pron": "tkho vinnagash" },
    { "ru": "Возвращайся", "ing": "Хьа виннаг!", "pron": "kha vinnag" }
  ]
}
