{
  "category": "money",
  "items": [
    { "ru": "Деньги", "ing": "Акхча", "pron": "akhcha" },
    { "ru": "Цена", "ing": "Хьила", "pron": "khila" },

    { "ru": "Сколько стоит?", "ing": "Шун хьила?", "pron": "shun khila" },
    { "ru": "Это дорого", "ing": "Ха йо хьила", "pron": "kha yo khila" },
    { "ru": "Это дешево", "ing": "Ха ца хьила", "pron": "kha tsa khila" },

    { "ru": "Дай скидку", "ing": "Хьила ца хьа", "pron": "khila tsa kha" },

    { "ru": "У меня нет денег", "ing": "Со му акхча йо", "pron": "so mu akhcha yo" },
    { "ru": "У меня есть деньги", "ing": "Со акхча йо", "pron": "so akhcha yo" },

    { "ru": "Дай сдачу", "ing": "Ца хьила хий", "pron": "tsa khila hiy" },

    { "ru": "Могу я заплатить?", "ing": "Со хила вох?", "pron": "so khila vokh" },
    { "ru": "Заплати", "ing": "Хила деш!", "pron": "khila desh" }
  ]
}
