{
  "category": "numbers",
  "items": [
    { "ru": "Один", "ing": "Ц1а", "pron": "ts1a" },
    { "ru": "Два", "ing": "Шов", "pron": "shov" },
    { "ru": "Три", "ing": "Кхоь", "pron": "kho" },
    { "ru": "Четыре", "ing": "Дий", "pron": "diy" },
    { "ru": "Пять", "ing": "Пхьи", "pron": "phyi" },
    { "ru": "Шесть", "ing": "Йи", "pron": "yi" },
    { "ru": "Семь", "ing": "Барг", "pron": "barg" },
    { "ru": "Восемь", "ing": "Шна", "pron": "shna" },
    { "ru": "Девять", "ing": "Иск", "pron": "isk" },
    { "ru": "Десять", "ing": "Иц", "pron": "its" },

    { "ru": "Сколько?", "ing": "Шун мотт?", "pron": "shun mott" },
    { "ru": "Сколько стоит?", "ing": "Шун хьа хила?", "pron": "shun kha hila" },
    { "ru": "Сколько километров?", "ing": "Шун километраш?", "pron": "shun kilometrash" },

    { "ru": "Раз", "ing": "Ц1е", "pron": "ts1e" },
    { "ru": "Два раза", "ing": "Шов ц1е", "pron": "shov ts1e" },
    { "ru": "Много", "ing": "Дар", "pron": "dar" },
    { "ru": "Мало", "ing": "Керча", "pron": "kercha" }
  ]
}
