{
  "category": "orientation",
  "items": [
    { "ru": "Где мы?", "ing": "Тхо хьа хьа?", "pron": "tkho kha kha" },
    { "ru": "Где ты?", "ing": "Хьа хьалха хьа?", "pron": "kha khalha kha" },
    { "ru": "Где это место?", "ing": "Ха мича хьа?", "pron": "kha micha kha" },

    { "ru": "Здесь", "ing": "Хьокха", "pron": "khyokha" },
    { "ru": "Там", "ing": "Цугахь", "pron": "tsugakh" },
    { "ru": "Близко", "ing": "Гянна", "pron": "gyanna" },
    { "ru": "Далеко", "ing": "Долча", "pron": "dolcha" },

    { "ru": "Сюда", "ing": "Хьокха", "pron": "khyokha" },
    { "ru": "Туда", "ing": "Цугахь", "pron": "tsugakh" },

    { "ru": "Направо", "ing": "Бархала", "pron": "barkhala" },
    { "ru": "Налево", "ing": "Чехьала", "pron": "chekhala" },
    { "ru": "Прямо", "ing": "Хьалха", "pron": "khalha" },
    { "ru": "Назад", "ing": "Патахка", "pron": "patakhka" },

    { "ru": "Покажи дорогу", "ing": "Готта хьаьжа", "pron": "gotta khyazha" },
    { "ru": "Покажи мне место", "ing": "Са мича хьаьжа", "pron": "sa micha khyazha" },

    { "ru": "Идём туда", "ing": "Тхо цугахь вудаш", "pron": "tkho tsugakh vudash" },
    { "ru": "Идём сюда", "ing": "Тхо хьокха вудаш", "pron": "tkho khyokha vudash" },

    { "ru": "Это правильная дорога?", "ing": "Ха дика готта йо?", "pron": "kha dika gotta yo" },
    { "ru": "Это неправильная дорога", "ing": "Ха му дика готта", "pron": "kha mu dika gotta" },

    { "ru": "Я заблудился", "ing": "Со готта седа хинна", "pron": "so gotta seda khinna" },
    { "ru": "Мы заблудились", "ing": "Тхо готта седа хинна", "pron": "tkho gotta seda khinna" },

    { "ru": "Где ближайший дом?", "ing": "Гянна ц1а хьа?", "pron": "gyanna ts1a kha" },
    { "ru": "Где тропа?", "ing": "Даша хьа?", "pron": "dasha kha" },
    { "ru": "Где дорога?", "ing": "Готта хьа?", "pron": "gotta kha" },
    { "ru": "Где деревня?", "ing": "Эль хьа?", "pron": "el kha" },

    { "ru": "Иди вперёд", "ing": "Хьалха вуда", "pron": "khalha vuda" },
    { "ru": "Иди назад", "ing": "Патахка вуда", "pron": "patakhka vuda" },
    { "ru": "Иди вверх", "ing": "БIар вуда", "pron": "b1ar vuda" },
    { "ru": "Иди вниз", "ing": "ЦIара вуда", "pron": "ts1ara vuda" },

    { "ru": "Как пройти в город?", "ing": "Магахь мишта вах веза?", "pron": "magakh mishta vakh vezza" },
    { "ru": "Как пройти в село?", "ing": "Эль мишта вах веза?", "pron": "el mishta vakh vezza" },

    { "ru": "Я здесь", "ing": "Со хьокха", "pron": "so khyokha" },
    { "ru": "Мы там", "ing": "Тхо цугахь", "pron": "tkho tsugakh" },

    { "ru": "Где север?", "ing": "Къилба хьа?", "pron": "qilba kha" },
    { "ru": "Где юг?", "ing": "Къилкъал хьа?", "pron": "qilqal kha" },
    { "ru": "Где запад?", "ing": "Къилбар хьа?", "pron": "qilbar kha" },
    { "ru": "Где восток?", "ing": "Къилмар хьа?", "pron": "qilmar kha" },

    { "ru": "Определи направление", "ing": "Моттаг дика", "pron": "mottag dika" },

    { "ru": "Сколько до туда?", "ing": "Цугахь шун мотт?", "pron": "tsugakh shun mott" }
  ]
}
