{
  "category": "personal_info",
  "items": [
    { "ru": "Как тебя зовут?", "ing": "Хьа ца йо?", "pron": "kha tsa yo" },
    { "ru": "Меня зовут …", "ing": "Со ца йо …", "pron": "so tsa yo ..." },
    { "ru": "Твоё имя?", "ing": "Хьа ца?", "pron": "kha tsa" },
    { "ru": "Моё имя …", "ing": "Со ца …", "pron": "so tsa ..." },

    { "ru": "Сколько тебе лет?", "ing": "Хьа ца йа шун?", "pron": "kha tsa ya shun" },
    { "ru": "Мне ... лет", "ing": "Са ... шун я", "pron": "sa ... shun ya" },
    { "ru": "Какой у тебя возраст?", "ing": "Хьа шун хьалха?", "pron": "kha shun khalha" },

    { "ru": "Откуда ты?", "ing": "Мичахьар хьа?", "pron": "michakhar kha" },
    { "ru": "Я из России", "ing": "Со Россияхьар ва", "pron": "so rossiyakhir va" },
    { "ru": "Я из Ингушетии", "ing": "Со ГӀалгӀайче ва", "pron": "so ghalghayche va" },
    { "ru": "Я оттуда", "ing": "Со цугахьар ва", "pron": "so tsugakhar va" },
    { "ru": "Ты отсюда?", "ing": "Хьо хьокхар ва?", "pron": "kho khyokhar va" },

    { "ru": "Где ты живёшь?", "ing": "Хьа дакъош ву?", "pron": "kha dakosh vu" },
    { "ru": "Я живу в …", "ing": "Со … дакъош ву", "pron": "so ... dakosh vu" },
    { "ru": "Ты здесь живёшь?", "ing": "Хьа хьокха дакъош ву?", "pron": "kha khyokha dakosh vu" },

    { "ru": "Какая у тебя профессия?", "ing": "Хьа гӀанда мотт?", "pron": "kha g1anda mott" },
    { "ru": "Я работаю …", "ing": "Со … лоца", "pron": "so ... lotsa" },
    { "ru": "Где ты работаешь?", "ing": "Хьа мичахь лоца?", "pron": "kha michakh lotsa" },

    { "ru": "Ты женат? (к мужчине)", "ing": "Хьа йоагӀ?", "pron": "kha yoag1" },
    { "ru": "Ты замужем? (к женщине)", "ing": "Хьа йоагӀ?", "pron": "kha yoag1" },
    { "ru": "Да, я женат", "ing": "Хьа, со йоагӀ", "pron": "kha, so yoag1" },
    { "ru": "Нет, я не женат", "ing": "Му, со му йоагӀ", "pron": "mu, so mu yoag1" },

    { "ru": "У тебя есть дети?", "ing": "Хьа из йой?", "pron": "kha iz yoi" },
    { "ru": "У меня есть дети", "ing": "Со из йо", "pron": "so iz yo" },
    { "ru": "У меня нет детей", "ing": "Со му из йо", "pron": "so mu iz yo" },

    { "ru": "Какой у тебя номер телефона?", "ing": "Хьа телефони номер мотт?", "pron": "kha telefoni nomer mott" },
    { "ru": "Мой номер …", "ing": "Со телефони номер …", "pron": "so telefoni nomer ..." },
    { "ru": "Скажи свой номер", "ing": "Хьа номер дика", "pron": "kha nomer dika" },

    { "ru": "У тебя есть паспорт?", "ing": "Хьа паспорт йой?", "pron": "kha pasport yoi" },
    { "ru": "У меня есть паспорт", "ing": "Со паспорт йо", "pron": "so pasport yo" },
    { "ru": "Я потерял паспорт", "ing": "Со паспорт седа хинна", "pron": "so pasport seda khinna" },

    { "ru": "Ты кто по национальности?", "ing": "Хо хьа меттиг?", "pron": "kho kha mettig" },
    { "ru": "Я ингуш", "ing": "Со гӀалгӀай", "pron": "so ghalghay" },
    { "ru": "Я русский", "ing": "Со урс", "pron": "so urs" },

    { "ru": "Какие языки ты знаешь?", "ing": "Хьа мотт йолча хьа?", "pron": "kha mott yolcha kha" },
    { "ru": "Я знаю ингушский", "ing": "Со гӀалгӀай мотт йолча", "pron": "so ghalghay mott yolcha" },
    { "ru": "Я знаю русский", "ing": "Со урс мотт йолча", "pron": "so urs mott yolcha" },
    { "ru": "Я плохо говорю", "ing": "Со му дика лоцу", "pron": "so mu dika lotsu" },
    { "ru": "Я хорошо говорю", "ing": "Со дика лоцу", "pron": "so dika lotsu" },

    { "ru": "Мой адрес …", "ing": "Со адрес …", "pron": "so adres ..." },
    { "ru": "Где твой дом?", "ing": "Хьа ц1а хьа?", "pron": "kha ts1a kha" },
    { "ru": "Вот мой дом", "ing": "Хьокха со ц1а", "pron": "khyokha so ts1a" },

    { "ru": "Ты один?", "ing": "Хьа ца ву?", "pron": "kha tsa vu" },
    { "ru": "Я один", "ing": "Со ца ву", "pron": "so tsa vu" },
    { "ru": "Я с друзьями", "ing": "Со новкъастатца", "pron": "so novkastatsa" },

    { "ru": "Ты где сейчас?", "ing": "Хьа хьалха хьа?", "pron": "kha khalha kha" },
    { "ru": "Я дома", "ing": "Со ц1га", "pron": "so ts1ga" },
    { "ru": "Я в дороге", "ing": "Со юкъаха ву", "pron": "so yukakha vu" },
    { "ru": "Я на работе", "ing": "Со лоамаше ву", "pron": "so loamashe vu" },

    { "ru": "Ты свободен?", "ing": "Хьа хьалха ву?", "pron": "kha khalha vu" },
    { "ru": "Я свободен", "ing": "Со хьалха ву", "pron": "so khalha vu" },

    { "ru": "Ты занят?", "ing": "Хьа дӀаякха ву?", "pron": "kha d1ayakkha vu" },
    { "ru": "Я занят", "ing": "Со дӀаякха", "pron": "so d1ayakkha" },

    { "ru": "Где ты учишься?", "ing": "Хьа мичахь йолча?", "pron": "kha michakh yolcha" },
    { "ru": "Я учусь в …", "ing": "Со … йолча", "pron": "so ... yolcha" },

    { "ru": "Какая у тебя фамилия?", "ing": "Хьа фамили мотт?", "pron": "kha famili mott" },
    { "ru": "Моя фамилия …", "ing": "Со фамили …", "pron": "so famili ..." }
  ]
}
