{
  "category": "shop",
  "items": [
    { "ru": "Магазин", "ing": "Магаз", "pron": "magaz" },
    { "ru": "Я в магазине", "ing": "Со магазе ву", "pron": "so magaze vu" },

    { "ru": "Здравствуйте", "ing": "Марша доаг1алд", "pron": "marsha doag1ald" },
    { "ru": "Мне нужно купить", "ing": "Са безам ба хьа ица", "pron": "sa bezam ba kha itsa" },

    { "ru": "Сколько стоит?", "ing": "Шун хьила?", "pron": "shun khila" },
    { "ru": "Это дорого", "ing": "Ха йо хьила", "pron": "kha yo khila" },
    { "ru": "Это дешево", "ing": "Ха ца хьила", "pron": "kha tsa khila" },

    { "ru": "Дай скидку", "ing": "Хьила ца хьа", "pron": "khila tsa kha" },
    { "ru": "Дай подешевле", "ing": "Ца хьила хий", "pron": "tsa khila hiy" },

    { "ru": "Могу я посмотреть?", "ing": "Со хьаьжа вох?", "pron": "so khyazha vokh" },
    { "ru": "Покажи это", "ing": "Ха хьаьжа", "pron": "kha khyazha" },
    { "ru": "У тебя есть ещё?", "ing": "Хьа т1а хьуна?", "pron": "kha t1a hyuna" },

    { "ru": "Я беру это", "ing": "Со ха йийла", "pron": "so kha yiila" },
    { "ru": "Мне не нужно это", "ing": "Са хьа му давах", "pron": "sa kha mu davakh" },

    { "ru": "Где касса?", "ing": "Касса хьа?", "pron": "kassa kha" },
    { "ru": "Заплати", "ing": "Хила деш!", "pron": "khila desh" },

    { "ru": "Где продукты?", "ing": "ГIалеш хьа?", "pron": "g1alesh kha" },
    { "ru": "Где хлеб?", "ing": "Кер хьа?", "pron": "ker kha" },
    { "ru": "Где мясо?", "ing": "Къам хьа?", "pron": "qam kha" },

    { "ru": "Я ищу воду", "ing": "Со хьий седа яца", "pron": "so hyii seda yatsa" },
    { "ru": "Мне нужна еда", "ing": "Са гIала давах", "pron": "sa g1ala davakh" },

    { "ru": "Это вкусно", "ing": "Ха хьоно", "pron": "kha khyono" },
    { "ru": "Мне нравится", "ing": "Сун хозхет", "pron": "sun khozkhet" }
  ]
}
